timestamp,vehicle_id,engine_rpm,coolant_temp_c,fault_code
2026-06-28 19:19:58.208078,VIN-100001,2100,90,NONE
2026-06-28 19:19:58.208094,VIN-100002,2100,90,NONE
2026-06-28 19:19:58.208098,VIN-100003,2100,90,NONE
2026-06-28 19:19:58.208100,VIN-100004,2100,90,NONE
2026-06-28 19:19:58.208103,VIN-100005,2100,90,NONE
2026-06-28 19:19:58.208112,VIN-100006,2100,90,NONE
2026-06-28 19:19:58.208118,VIN-100007,2100,90,NONE
2026-06-28 19:19:58.208124,VIN-100008,2100,90,NONE
2026-06-28 19:19:58.208127,VIN-100009,2100,90,NONE
2026-06-28 19:19:58.208130,VIN-100010,2100,90,NONE
2026-06-28 19:19:58.208132,VIN-100011,2100,90,NONE
2026-06-28 19:19:58.208135,VIN-100012,2100,90,NONE
2026-06-28 19:19:58.208137,VIN-100013,2100,90,NONE
2026-06-28 19:19:58.208140,VIN-100014,2100,90,NONE
2026-06-28 19:19:58.208142,VIN-100015,2100,90,NONE
2026-06-28 19:19:58.208145,VIN-100016,2100,90,NONE
2026-06-28 19:19:58.208147,VIN-100017,2100,90,NONE
2026-06-28 19:19:58.208150,VIN-100018,2100,90,NONE
2026-06-28 19:19:58.208152,VIN-100019,2100,90,NONE
2026-06-28 19:19:58.208155,VIN-100020,2100,90,NONE
2026-06-28 19:19:58.208157,VIN-100021,2100,90,NONE
2026-06-28 19:19:58.208160,VIN-100022,2100,90,NONE
2026-06-28 19:19:58.208163,VIN-100023,2100,90,NONE
2026-06-28 19:19:58.208165,VIN-100024,2100,90,NONE
2026-06-28 19:19:58.208167,VIN-100025,2100,90,NONE
2026-06-28 19:19:58.208170,VIN-100026,2100,90,NONE
2026-06-28 19:19:58.208172,VIN-100027,2100,90,NONE
2026-06-28 19:19:58.208175,VIN-100028,2100,90,NONE
2026-06-28 19:19:58.208177,VIN-100029,2100,90,NONE
2026-06-28 19:19:58.208180,VIN-100030,2100,90,NONE
2026-06-28 19:19:58.208182,VIN-100031,2100,90,NONE
2026-06-28 19:19:58.208185,VIN-100032,2100,90,NONE
2026-06-28 19:19:58.208187,VIN-100033,2100,90,NONE
2026-06-28 19:19:58.208189,VIN-100034,2100,90,NONE
2026-06-28 19:19:58.208192,VIN-100035,2100,90,NONE
2026-06-28 19:19:58.208194,VIN-100036,2100,90,NONE
2026-06-28 19:19:58.208197,VIN-100037,2100,90,NONE
2026-06-28 19:19:58.208199,VIN-100038,2100,90,NONE
2026-06-28 19:19:58.208202,VIN-100039,2100,90,NONE
2026-06-28 19:19:58.208204,VIN-100040,2100,90,NONE
2026-06-28 19:19:58.208206,VIN-100041,2100,90,NONE
2026-06-28 19:19:58.208209,VIN-100042,2100,90,NONE
2026-06-28 19:19:58.208211,VIN-100043,2100,90,NONE
2026-06-28 19:19:58.208214,VIN-100044,2100,90,NONE
2026-06-28 19:19:58.208216,VIN-100045,2100,90,NONE
2026-06-28 19:19:58.208219,VIN-100046,2100,90,NONE
2026-06-28 19:19:58.208221,VIN-100047,2100,90,NONE
2026-06-28 19:19:58.208223,VIN-100048,2100,90,NONE
2026-06-28 19:19:58.208226,VIN-100049,2100,90,NONE
2026-06-28 19:19:58.208228,VIN-100050,2100,90,P0300
2026-06-28 19:19:58.208231,VIN-100051,2100,90,NONE
2026-06-28 19:19:58.208233,VIN-100052,2100,90,NONE
2026-06-28 19:19:58.208236,VIN-100053,2100,90,NONE
2026-06-28 19:19:58.208238,VIN-100054,2100,90,NONE
2026-06-28 19:19:58.208241,VIN-100055,2100,90,NONE
2026-06-28 19:19:58.208243,VIN-100056,2100,90,NONE
2026-06-28 19:19:58.208246,VIN-100057,2100,90,NONE
2026-06-28 19:19:58.208248,VIN-100058,2100,90,NONE
2026-06-28 19:19:58.208251,VIN-100059,2100,90,NONE
2026-06-28 19:19:58.208253,VIN-100060,2100,90,NONE
2026-06-28 19:19:58.208256,VIN-100061,2100,90,NONE
2026-06-28 19:19:58.208258,VIN-100062,2100,90,NONE
2026-06-28 19:19:58.208261,VIN-100063,2100,90,NONE
2026-06-28 19:19:58.208264,VIN-100064,2100,90,NONE
2026-06-28 19:19:58.208266,VIN-100065,2100,90,NONE
2026-06-28 19:19:58.208269,VIN-100066,2100,90,NONE
2026-06-28 19:19:58.208271,VIN-100067,2100,90,NONE
2026-06-28 19:19:58.208273,VIN-100068,2100,90,NONE
2026-06-28 19:19:58.208276,VIN-100069,2100,90,NONE
2026-06-28 19:19:58.208278,VIN-100070,2100,90,NONE
2026-06-28 19:19:58.208281,VIN-100071,2100,90,NONE
2026-06-28 19:19:58.208283,VIN-100072,2100,90,NONE
2026-06-28 19:19:58.208286,VIN-100073,2100,90,NONE
2026-06-28 19:19:58.208288,VIN-100074,2100,90,NONE
2026-06-28 19:19:58.208290,VIN-100075,2100,90,P0171
2026-06-28 19:19:58.208293,VIN-100076,2100,90,NONE
2026-06-28 19:19:58.208295,VIN-100077,2100,90,NONE
2026-06-28 19:19:58.208298,VIN-100078,2100,90,NONE
2026-06-28 19:19:58.208300,VIN-100079,2100,90,NONE
2026-06-28 19:19:58.208303,VIN-100080,2100,90,NONE
2026-06-28 19:19:58.208305,VIN-100081,2100,90,NONE
2026-06-28 19:19:58.208307,VIN-100082,2100,90,NONE
2026-06-28 19:19:58.208310,VIN-100083,2100,90,NONE
2026-06-28 19:19:58.208312,VIN-100084,2100,90,NONE
2026-06-28 19:19:58.208315,VIN-100085,2100,90,NONE
2026-06-28 19:19:58.208317,VIN-100086,2100,90,NONE
2026-06-28 19:19:58.208320,VIN-100087,2100,90,NONE
2026-06-28 19:19:58.208322,VIN-100088,2100,90,NONE
2026-06-28 19:19:58.208325,VIN-100089,2100,90,NONE
2026-06-28 19:19:58.208327,VIN-100090,2100,90,NONE
2026-06-28 19:19:58.208330,VIN-100091,2100,90,NONE
2026-06-28 19:19:58.208332,VIN-100092,2100,90,NONE
2026-06-28 19:19:58.208337,VIN-100093,2100,90,NONE
2026-06-28 19:19:58.208342,VIN-100094,2100,90,NONE
2026-06-28 19:19:58.208347,VIN-100095,2100,90,NONE
2026-06-28 19:19:58.208350,VIN-100096,2100,90,NONE
2026-06-28 19:19:58.208353,VIN-100097,2100,90,NONE
2026-06-28 19:19:58.208355,VIN-100098,2100,90,NONE
2026-06-28 19:19:58.208358,VIN-100099,2100,90,NONE
2026-06-28 19:19:58.208361,VIN-100100,2100,90,P0300
2026-06-28 19:19:58.208363,VIN-100101,2100,90,NONE
2026-06-28 19:19:58.208366,VIN-100102,2100,90,NONE
2026-06-28 19:19:58.208369,VIN-100103,2100,90,NONE
2026-06-28 19:19:58.208371,VIN-100104,2100,90,NONE
2026-06-28 19:19:58.208374,VIN-100105,2100,90,NONE
2026-06-28 19:19:58.208377,VIN-100106,2100,90,NONE
2026-06-28 19:19:58.208379,VIN-100107,2100,90,NONE
2026-06-28 19:19:58.208382,VIN-100108,2100,90,NONE
2026-06-28 19:19:58.208385,VIN-100109,2100,90,NONE
2026-06-28 19:19:58.208388,VIN-100110,2100,90,NONE
2026-06-28 19:19:58.208390,VIN-100111,2100,90,NONE
2026-06-28 19:19:58.208393,VIN-100112,2100,90,NONE
2026-06-28 19:19:58.208396,VIN-100113,2100,90,NONE
2026-06-28 19:19:58.208399,VIN-100114,2100,90,NONE
2026-06-28 19:19:58.208401,VIN-100115,2100,90,NONE
2026-06-28 19:19:58.208404,VIN-100116,2100,90,NONE
2026-06-28 19:19:58.208407,VIN-100117,2100,90,NONE
2026-06-28 19:19:58.208412,VIN-100118,2100,90,NONE
2026-06-28 19:19:58.208430,VIN-100119,2100,90,NONE
2026-06-28 19:19:58.208433,VIN-100120,2100,90,NONE
2026-06-28 19:19:58.208436,VIN-100121,2100,90,NONE
2026-06-28 19:19:58.208439,VIN-100122,2100,90,NONE
2026-06-28 19:19:58.208442,VIN-100123,2100,90,NONE
2026-06-28 19:19:58.208445,VIN-100124,2100,90,NONE
2026-06-28 19:19:58.208447,VIN-100125,2100,90,NONE
2026-06-28 19:19:58.208450,VIN-100126,2100,90,NONE
2026-06-28 19:19:58.208453,VIN-100127,2100,90,NONE
2026-06-28 19:19:58.208456,VIN-100128,2100,90,NONE
2026-06-28 19:19:58.208459,VIN-100129,2100,90,NONE
2026-06-28 19:19:58.208461,VIN-100130,2100,90,NONE
2026-06-28 19:19:58.208464,VIN-100131,2100,90,NONE
2026-06-28 19:19:58.208467,VIN-100132,2100,90,NONE
2026-06-28 19:19:58.208469,VIN-100133,2100,90,NONE
2026-06-28 19:19:58.208472,VIN-100134,2100,90,NONE
2026-06-28 19:19:58.208475,VIN-100135,2100,90,NONE
2026-06-28 19:19:58.208478,VIN-100136,2100,90,NONE
2026-06-28 19:19:58.208481,VIN-100137,2100,90,NONE
2026-06-28 19:19:58.208484,VIN-100138,2100,90,NONE
2026-06-28 19:19:58.208486,VIN-100139,2100,90,NONE
2026-06-28 19:19:58.208489,VIN-100140,2100,90,NONE
2026-06-28 19:19:58.208492,VIN-100141,2100,90,NONE
2026-06-28 19:19:58.208495,VIN-100142,2100,90,NONE
2026-06-28 19:19:58.208497,VIN-100143,2100,90,NONE
2026-06-28 19:19:58.208500,VIN-100144,2100,90,NONE
2026-06-28 19:19:58.208503,VIN-100145,2100,90,NONE
2026-06-28 19:19:58.208506,VIN-100146,2100,90,NONE
2026-06-28 19:19:58.208508,VIN-100147,2100,90,NONE
2026-06-28 19:19:58.208511,VIN-100148,2100,90,NONE
2026-06-28 19:19:58.208514,VIN-100149,2100,90,NONE
2026-06-28 19:19:58.208516,VIN-100150,2100,90,P0300
2026-06-28 19:19:58.208519,VIN-100151,2100,90,NONE
2026-06-28 19:19:58.208522,VIN-100152,2100,90,NONE
2026-06-28 19:19:58.208525,VIN-100153,2100,90,NONE
2026-06-28 19:19:58.208527,VIN-100154,2100,90,NONE
2026-06-28 19:19:58.208530,VIN-100155,2100,90,NONE
2026-06-28 19:19:58.208533,VIN-100156,2100,90,NONE
2026-06-28 19:19:58.208536,VIN-100157,2100,90,NONE
2026-06-28 19:19:58.208538,VIN-100158,2100,90,NONE
2026-06-28 19:19:58.208541,VIN-100159,2100,90,NONE
2026-06-28 19:19:58.208544,VIN-100160,2100,90,NONE
2026-06-28 19:19:58.208546,VIN-100161,2100,90,NONE
2026-06-28 19:19:58.208549,VIN-100162,2100,90,NONE
2026-06-28 19:19:58.208552,VIN-100163,2100,90,NONE
2026-06-28 19:19:58.208555,VIN-100164,2100,90,NONE
2026-06-28 19:19:58.208558,VIN-100165,2100,90,NONE
2026-06-28 19:19:58.208560,VIN-100166,2100,90,NONE
2026-06-28 19:19:58.208563,VIN-100167,2100,90,NONE
2026-06-28 19:19:58.208566,VIN-100168,2100,90,NONE
2026-06-28 19:19:58.208569,VIN-100169,2100,90,NONE
2026-06-28 19:19:58.208571,VIN-100170,2100,90,NONE
2026-06-28 19:19:58.208574,VIN-100171,2100,90,NONE
2026-06-28 19:19:58.208577,VIN-100172,2100,90,NONE
2026-06-28 19:19:58.208580,VIN-100173,2100,90,NONE
2026-06-28 19:19:58.208583,VIN-100174,2100,90,NONE
2026-06-28 19:19:58.208586,VIN-100175,2100,90,NONE
2026-06-28 19:19:58.208589,VIN-100176,2100,90,NONE
2026-06-28 19:19:58.208592,VIN-100177,2100,90,NONE
2026-06-28 19:19:58.208594,VIN-100178,2100,90,NONE
2026-06-28 19:19:58.208597,VIN-100179,2100,90,NONE
2026-06-28 19:19:58.208600,VIN-100180,2100,90,NONE
2026-06-28 19:19:58.208603,VIN-100181,2100,90,NONE
2026-06-28 19:19:58.208606,VIN-100182,2100,90,NONE
2026-06-28 19:19:58.208609,VIN-100183,2100,90,NONE
2026-06-28 19:19:58.208612,VIN-100184,2100,90,NONE
2026-06-28 19:19:58.208615,VIN-100185,2100,90,NONE
2026-06-28 19:19:58.208618,VIN-100186,2100,90,NONE
2026-06-28 19:19:58.208620,VIN-100187,2100,90,NONE
2026-06-28 19:19:58.208623,VIN-100188,2100,90,NONE
2026-06-28 19:19:58.208626,VIN-100189,2100,90,NONE
2026-06-28 19:19:58.208629,VIN-100190,2100,90,NONE
2026-06-28 19:19:58.208632,VIN-100191,2100,90,NONE
2026-06-28 19:19:58.208635,VIN-100192,2100,90,NONE
2026-06-28 19:19:58.208638,VIN-100193,2100,90,NONE
2026-06-28 19:19:58.208641,VIN-100194,2100,90,NONE
2026-06-28 19:19:58.208644,VIN-100195,2100,90,NONE
2026-06-28 19:19:58.208647,VIN-100196,2100,90,NONE
2026-06-28 19:19:58.208650,VIN-100197,2100,90,NONE
2026-06-28 19:19:58.208653,VIN-100198,2100,90,NONE
2026-06-28 19:19:58.208656,VIN-100199,2100,90,NONE
2026-06-28 19:19:58.208659,VIN-100200,2100,90,P0300
2026-06-28 19:19:58.208662,VIN-100201,2100,90,NONE
2026-06-28 19:19:58.208665,VIN-100202,2100,90,NONE
2026-06-28 19:19:58.208668,VIN-100203,2100,90,NONE
2026-06-28 19:19:58.208671,VIN-100204,2100,90,NONE
2026-06-28 19:19:58.208674,VIN-100205,2100,90,NONE
2026-06-28 19:19:58.208679,VIN-100206,2100,90,NONE
2026-06-28 19:19:58.208729,VIN-100207,2100,90,NONE
2026-06-28 19:19:58.208739,VIN-100208,2100,90,NONE
2026-06-28 19:19:58.208743,VIN-100209,2100,90,NONE
2026-06-28 19:19:58.208746,VIN-100210,2100,90,NONE
2026-06-28 19:19:58.208749,VIN-100211,2100,90,NONE
2026-06-28 19:19:58.208752,VIN-100212,2100,90,NONE
2026-06-28 19:19:58.208755,VIN-100213,2100,90,NONE
2026-06-28 19:19:58.208759,VIN-100214,2100,90,NONE
2026-06-28 19:19:58.208762,VIN-100215,2100,90,NONE
2026-06-28 19:19:58.208765,VIN-100216,2100,90,NONE
2026-06-28 19:19:58.208768,VIN-100217,2100,90,NONE
2026-06-28 19:19:58.208771,VIN-100218,2100,90,NONE
2026-06-28 19:19:58.208774,VIN-100219,2100,90,NONE
2026-06-28 19:19:58.208777,VIN-100220,2100,90,NONE
2026-06-28 19:19:58.208780,VIN-100221,2100,90,NONE
2026-06-28 19:19:58.208783,VIN-100222,2100,90,NONE
2026-06-28 19:19:58.208786,VIN-100223,2100,90,NONE
2026-06-28 19:19:58.208789,VIN-100224,2100,90,NONE
2026-06-28 19:19:58.208792,VIN-100225,2100,90,P0171
2026-06-28 19:19:58.208795,VIN-100226,2100,90,NONE
2026-06-28 19:19:58.208798,VIN-100227,2100,90,NONE
2026-06-28 19:19:58.208801,VIN-100228,2100,90,NONE
2026-06-28 19:19:58.208804,VIN-100229,2100,90,NONE
2026-06-28 19:19:58.208807,VIN-100230,2100,90,NONE
2026-06-28 19:19:58.208810,VIN-100231,2100,90,NONE
2026-06-28 19:19:58.208813,VIN-100232,2100,90,NONE
2026-06-28 19:19:58.208816,VIN-100233,2100,90,NONE
2026-06-28 19:19:58.208819,VIN-100234,2100,90,NONE
2026-06-28 19:19:58.208822,VIN-100235,2100,90,NONE
2026-06-28 19:19:58.208825,VIN-100236,2100,90,NONE
2026-06-28 19:19:58.208828,VIN-100237,2100,90,NONE
2026-06-28 19:19:58.208831,VIN-100238,2100,90,NONE
2026-06-28 19:19:58.208834,VIN-100239,2100,90,NONE
2026-06-28 19:19:58.208837,VIN-100240,2100,90,NONE
2026-06-28 19:19:58.208841,VIN-100241,2100,90,NONE
2026-06-28 19:19:58.208844,VIN-100242,2100,90,NONE
2026-06-28 19:19:58.208847,VIN-100243,2100,90,NONE
2026-06-28 19:19:58.208850,VIN-100244,2100,90,NONE
2026-06-28 19:19:58.208853,VIN-100245,2100,90,NONE
2026-06-28 19:19:58.208857,VIN-100246,2100,90,NONE
2026-06-28 19:19:58.208860,VIN-100247,2100,90,NONE
2026-06-28 19:19:58.208863,VIN-100248,2100,90,NONE
2026-06-28 19:19:58.208867,VIN-100249,2100,90,NONE
2026-06-28 19:19:58.208870,VIN-100250,2100,90,P0300
2026-06-28 19:19:58.208873,VIN-100251,2100,90,NONE
2026-06-28 19:19:58.208876,VIN-100252,2100,90,NONE
2026-06-28 19:19:58.208879,VIN-100253,2100,90,NONE
2026-06-28 19:19:58.208882,VIN-100254,2100,90,NONE
2026-06-28 19:19:58.208886,VIN-100255,2100,90,NONE
2026-06-28 19:19:58.208889,VIN-100256,2100,90,NONE
2026-06-28 19:19:58.208892,VIN-100257,2100,90,NONE
2026-06-28 19:19:58.208895,VIN-100258,2100,90,NONE
2026-06-28 19:19:58.208898,VIN-100259,2100,90,NONE
2026-06-28 19:19:58.208901,VIN-100260,2100,90,NONE
2026-06-28 19:19:58.208905,VIN-100261,2100,90,NONE
2026-06-28 19:19:58.208908,VIN-100262,2100,90,NONE
2026-06-28 19:19:58.208912,VIN-100263,2100,90,NONE
2026-06-28 19:19:58.208915,VIN-100264,2100,90,NONE
2026-06-28 19:19:58.208918,VIN-100265,2100,90,NONE
2026-06-28 19:19:58.208922,VIN-100266,2100,90,NONE
2026-06-28 19:19:58.208925,VIN-100267,2100,90,NONE
2026-06-28 19:19:58.208929,VIN-100268,2100,90,NONE
2026-06-28 19:19:58.208932,VIN-100269,2100,90,NONE
2026-06-28 19:19:58.208936,VIN-100270,2100,90,NONE
2026-06-28 19:19:58.208939,VIN-100271,2100,90,NONE
2026-06-28 19:19:58.208942,VIN-100272,2100,90,NONE
2026-06-28 19:19:58.208945,VIN-100273,2100,90,NONE
2026-06-28 19:19:58.208949,VIN-100274,2100,90,NONE
2026-06-28 19:19:58.208952,VIN-100275,2100,90,NONE
2026-06-28 19:19:58.208955,VIN-100276,2100,90,NONE
2026-06-28 19:19:58.208958,VIN-100277,2100,90,NONE
2026-06-28 19:19:58.208962,VIN-100278,2100,90,NONE
2026-06-28 19:19:58.208965,VIN-100279,2100,90,NONE
2026-06-28 19:19:58.208968,VIN-100280,2100,90,NONE
2026-06-28 19:19:58.208971,VIN-100281,2100,90,NONE
2026-06-28 19:19:58.208975,VIN-100282,2100,90,NONE
2026-06-28 19:19:58.208978,VIN-100283,2100,90,NONE
2026-06-28 19:19:58.208981,VIN-100284,2100,90,NONE
2026-06-28 19:19:58.208985,VIN-100285,2100,90,NONE
2026-06-28 19:19:58.208988,VIN-100286,2100,90,NONE
2026-06-28 19:19:58.208991,VIN-100287,2100,90,NONE
2026-06-28 19:19:58.208994,VIN-100288,2100,90,NONE
2026-06-28 19:19:58.208998,VIN-100289,2100,90,NONE
2026-06-28 19:19:58.209001,VIN-100290,2100,90,NONE
2026-06-28 19:19:58.209004,VIN-100291,2100,90,NONE
2026-06-28 19:19:58.209008,VIN-100292,2100,90,NONE
2026-06-28 19:19:58.209011,VIN-100293,2100,90,NONE
2026-06-28 19:19:58.209014,VIN-100294,2100,90,NONE
2026-06-28 19:19:58.209017,VIN-100295,2100,90,NONE
2026-06-28 19:19:58.209021,VIN-100296,2100,90,NONE
2026-06-28 19:19:58.209024,VIN-100297,2100,90,NONE
2026-06-28 19:19:58.209027,VIN-100298,2100,90,NONE
2026-06-28 19:19:58.209031,VIN-100299,2100,90,NONE
2026-06-28 19:19:58.209034,VIN-100300,2100,90,P0300
2026-06-28 19:19:58.209038,VIN-100301,2100,90,NONE
2026-06-28 19:19:58.209041,VIN-100302,2100,90,NONE
2026-06-28 19:19:58.209044,VIN-100303,2100,90,NONE
2026-06-28 19:19:58.209048,VIN-100304,2100,90,NONE
2026-06-28 19:19:58.209051,VIN-100305,2100,90,NONE
2026-06-28 19:19:58.209054,VIN-100306,2100,90,NONE
2026-06-28 19:19:58.209058,VIN-100307,2100,90,NONE
2026-06-28 19:19:58.209061,VIN-100308,2100,90,NONE
2026-06-28 19:19:58.209064,VIN-100309,2100,90,NONE
2026-06-28 19:19:58.209067,VIN-100310,2100,90,NONE
2026-06-28 19:19:58.209071,VIN-100311,2100,90,NONE
2026-06-28 19:19:58.209074,VIN-100312,2100,90,NONE
2026-06-28 19:19:58.209078,VIN-100313,2100,90,NONE
2026-06-28 19:19:58.209081,VIN-100314,2100,90,NONE
2026-06-28 19:19:58.209084,VIN-100315,2100,90,NONE
2026-06-28 19:19:58.209088,VIN-100316,2100,90,NONE
2026-06-28 19:19:58.209091,VIN-100317,2100,90,NONE
2026-06-28 19:19:58.209094,VIN-100318,2100,90,NONE
2026-06-28 19:19:58.209098,VIN-100319,2100,90,NONE
2026-06-28 19:19:58.209101,VIN-100320,2100,90,NONE
2026-06-28 19:19:58.209105,VIN-100321,2100,90,NONE
2026-06-28 19:19:58.209108,VIN-100322,2100,90,NONE
2026-06-28 19:19:58.209111,VIN-100323,2100,90,NONE
2026-06-28 19:19:58.209115,VIN-100324,2100,90,NONE
2026-06-28 19:19:58.209118,VIN-100325,2100,90,NONE
2026-06-28 19:19:58.209121,VIN-100326,2100,90,NONE
2026-06-28 19:19:58.209125,VIN-100327,2100,90,NONE
2026-06-28 19:19:58.209128,VIN-100328,2100,90,NONE
2026-06-28 19:19:58.209131,VIN-100329,2100,90,NONE
2026-06-28 19:19:58.209135,VIN-100330,2100,90,NONE
2026-06-28 19:19:58.209138,VIN-100331,2100,90,NONE
2026-06-28 19:19:58.209142,VIN-100332,2100,90,NONE
2026-06-28 19:19:58.209145,VIN-100333,2100,90,NONE
2026-06-28 19:19:58.209148,VIN-100334,2100,90,NONE
2026-06-28 19:19:58.209152,VIN-100335,2100,90,NONE
2026-06-28 19:19:58.209155,VIN-100336,2100,90,NONE
2026-06-28 19:19:58.209158,VIN-100337,2100,90,NONE
2026-06-28 19:19:58.209162,VIN-100338,2100,90,NONE
2026-06-28 19:19:58.209165,VIN-100339,2100,90,NONE
2026-06-28 19:19:58.209169,VIN-100340,2100,90,NONE
2026-06-28 19:19:58.209172,VIN-100341,2100,90,NONE
2026-06-28 19:19:58.209176,VIN-100342,2100,90,NONE
2026-06-28 19:19:58.209181,VIN-100343,2100,90,NONE
2026-06-28 19:19:58.209188,VIN-100344,2100,90,NONE
2026-06-28 19:19:58.209192,VIN-100345,2100,90,NONE
2026-06-28 19:19:58.209196,VIN-100346,2100,90,NONE
2026-06-28 19:19:58.209199,VIN-100347,2100,90,NONE
2026-06-28 19:19:58.209203,VIN-100348,2100,90,NONE
2026-06-28 19:19:58.209206,VIN-100349,2100,90,NONE
2026-06-28 19:19:58.209210,VIN-100350,2100,90,P0300
2026-06-28 19:19:58.209213,VIN-100351,2100,90,NONE
2026-06-28 19:19:58.209216,VIN-100352,2100,90,NONE
2026-06-28 19:19:58.209220,VIN-100353,2100,90,NONE
2026-06-28 19:19:58.209223,VIN-100354,2100,90,NONE
2026-06-28 19:19:58.209227,VIN-100355,2100,90,NONE
2026-06-28 19:19:58.209232,VIN-100356,2100,90,NONE
2026-06-28 19:19:58.209249,VIN-100357,2100,90,NONE
2026-06-28 19:19:58.209257,VIN-100358,2100,90,NONE
2026-06-28 19:19:58.209260,VIN-100359,2100,90,NONE
2026-06-28 19:19:58.209264,VIN-100360,2100,90,NONE
2026-06-28 19:19:58.209267,VIN-100361,2100,90,NONE
2026-06-28 19:19:58.209271,VIN-100362,2100,90,NONE
2026-06-28 19:19:58.209275,VIN-100363,2100,90,NONE
2026-06-28 19:19:58.209278,VIN-100364,2100,90,NONE
2026-06-28 19:19:58.209282,VIN-100365,2100,90,NONE
2026-06-28 19:19:58.209286,VIN-100366,2100,90,NONE
2026-06-28 19:19:58.209289,VIN-100367,2100,90,NONE
2026-06-28 19:19:58.209293,VIN-100368,2100,90,NONE
2026-06-28 19:19:58.209296,VIN-100369,2100,90,NONE
2026-06-28 19:19:58.209300,VIN-100370,2100,90,NONE
2026-06-28 19:19:58.209303,VIN-100371,2100,90,NONE
2026-06-28 19:19:58.209307,VIN-100372,2100,90,NONE
2026-06-28 19:19:58.209311,VIN-100373,2100,90,NONE
2026-06-28 19:19:58.209314,VIN-100374,2100,90,NONE
2026-06-28 19:19:58.209318,VIN-100375,2100,90,P0171
2026-06-28 19:19:58.209321,VIN-100376,2100,90,NONE
2026-06-28 19:19:58.209325,VIN-100377,2100,90,NONE
2026-06-28 19:19:58.209328,VIN-100378,2100,90,NONE
2026-06-28 19:19:58.209332,VIN-100379,2100,90,NONE
2026-06-28 19:19:58.209336,VIN-100380,2100,90,NONE
2026-06-28 19:19:58.209339,VIN-100381,2100,90,NONE
2026-06-28 19:19:58.209343,VIN-100382,2100,90,NONE
2026-06-28 19:19:58.209346,VIN-100383,2100,90,NONE
2026-06-28 19:19:58.209350,VIN-100384,2100,90,NONE
2026-06-28 19:19:58.209353,VIN-100385,2100,90,NONE
2026-06-28 19:19:58.209357,VIN-100386,2100,90,NONE
2026-06-28 19:19:58.209360,VIN-100387,2100,90,NONE
2026-06-28 19:19:58.209364,VIN-100388,2100,90,NONE
2026-06-28 19:19:58.209368,VIN-100389,2100,90,NONE
2026-06-28 19:19:58.209372,VIN-100390,2100,90,NONE
2026-06-28 19:19:58.209375,VIN-100391,2100,90,NONE
2026-06-28 19:19:58.209379,VIN-100392,2100,90,NONE
2026-06-28 19:19:58.209382,VIN-100393,2100,90,NONE
2026-06-28 19:19:58.209386,VIN-100394,2100,90,NONE
2026-06-28 19:19:58.209390,VIN-100395,2100,90,NONE
2026-06-28 19:19:58.209393,VIN-100396,2100,90,NONE
2026-06-28 19:19:58.209397,VIN-100397,2100,90,NONE
2026-06-28 19:19:58.209400,VIN-100398,2100,90,NONE
2026-06-28 19:19:58.209404,VIN-100399,2100,90,NONE
2026-06-28 19:19:58.209408,VIN-100400,2100,90,P0300
2026-06-28 19:19:58.209412,VIN-100401,2100,90,NONE
2026-06-28 19:19:58.209416,VIN-100402,2100,90,NONE
2026-06-28 19:19:58.209420,VIN-100403,2100,90,NONE
2026-06-28 19:19:58.209423,VIN-100404,2100,90,NONE
2026-06-28 19:19:58.209427,VIN-100405,2100,90,NONE
2026-06-28 19:19:58.209431,VIN-100406,2100,90,NONE
2026-06-28 19:19:58.209436,VIN-100407,2100,90,NONE
2026-06-28 19:19:58.209440,VIN-100408,2100,90,NONE
2026-06-28 19:19:58.209444,VIN-100409,2100,90,NONE
2026-06-28 19:19:58.209447,VIN-100410,2100,90,NONE
2026-06-28 19:19:58.209451,VIN-100411,2100,90,NONE
2026-06-28 19:19:58.209454,VIN-100412,2100,90,NONE
2026-06-28 19:19:58.209458,VIN-100413,2100,90,NONE
2026-06-28 19:19:58.209462,VIN-100414,2100,90,NONE
2026-06-28 19:19:58.209465,VIN-100415,2100,90,NONE
2026-06-28 19:19:58.209469,VIN-100416,2100,90,NONE
2026-06-28 19:19:58.209473,VIN-100417,2100,90,NONE
2026-06-28 19:19:58.209476,VIN-100418,2100,90,NONE
2026-06-28 19:19:58.209480,VIN-100419,2100,90,NONE
2026-06-28 19:19:58.209483,VIN-100420,2100,90,NONE
2026-06-28 19:19:58.209487,VIN-100421,2100,90,NONE
2026-06-28 19:19:58.209491,VIN-100422,2100,90,NONE
2026-06-28 19:19:58.209494,VIN-100423,2100,90,NONE
2026-06-28 19:19:58.209498,VIN-100424,2100,90,NONE
2026-06-28 19:19:58.209502,VIN-100425,2100,90,NONE
2026-06-28 19:19:58.209505,VIN-100426,2100,90,NONE
2026-06-28 19:19:58.209509,VIN-100427,2100,90,NONE
2026-06-28 19:19:58.209513,VIN-100428,2100,90,NONE
2026-06-28 19:19:58.209517,VIN-100429,2100,90,NONE
2026-06-28 19:19:58.209521,VIN-100430,2100,90,NONE
2026-06-28 19:19:58.209525,VIN-100431,2100,90,NONE
2026-06-28 19:19:58.209529,VIN-100432,2100,90,NONE
2026-06-28 19:19:58.209532,VIN-100433,2100,90,NONE
2026-06-28 19:19:58.209536,VIN-100434,2100,90,NONE
2026-06-28 19:19:58.209540,VIN-100435,2100,90,NONE
2026-06-28 19:19:58.209543,VIN-100436,2100,90,NONE
2026-06-28 19:19:58.209547,VIN-100437,2100,90,NONE
2026-06-28 19:19:58.209551,VIN-100438,2100,90,NONE
2026-06-28 19:19:58.209555,VIN-100439,2100,90,NONE
2026-06-28 19:19:58.209559,VIN-100440,2100,90,NONE
2026-06-28 19:19:58.209563,VIN-100441,2100,90,NONE
2026-06-28 19:19:58.209567,VIN-100442,2100,90,NONE
2026-06-28 19:19:58.209570,VIN-100443,2100,90,NONE
2026-06-28 19:19:58.209574,VIN-100444,2100,90,NONE
2026-06-28 19:19:58.209578,VIN-100445,2100,90,NONE
2026-06-28 19:19:58.209582,VIN-100446,2100,90,NONE
2026-06-28 19:19:58.209586,VIN-100447,2100,90,NONE
2026-06-28 19:19:58.209589,VIN-100448,2100,90,NONE
2026-06-28 19:19:58.209593,VIN-100449,2100,90,NONE
2026-06-28 19:19:58.209597,VIN-100450,2100,90,P0300
2026-06-28 19:19:58.209601,VIN-100451,2100,90,NONE
2026-06-28 19:19:58.209604,VIN-100452,2100,90,NONE
2026-06-28 19:19:58.209609,VIN-100453,2100,90,NONE
2026-06-28 19:19:58.209613,VIN-100454,2100,90,NONE
2026-06-28 19:19:58.209616,VIN-100455,2100,90,NONE
2026-06-28 19:19:58.209620,VIN-100456,2100,90,NONE
2026-06-28 19:19:58.209624,VIN-100457,2100,90,NONE
2026-06-28 19:19:58.209628,VIN-100458,2100,90,NONE
2026-06-28 19:19:58.209632,VIN-100459,2100,90,NONE
2026-06-28 19:19:58.209635,VIN-100460,2100,90,NONE
2026-06-28 19:19:58.209639,VIN-100461,2100,90,NONE
2026-06-28 19:19:58.209643,VIN-100462,2100,90,NONE
2026-06-28 19:19:58.209647,VIN-100463,2100,90,NONE
2026-06-28 19:19:58.209651,VIN-100464,2100,90,NONE
2026-06-28 19:19:58.209655,VIN-100465,2100,90,NONE
2026-06-28 19:19:58.209659,VIN-100466,2100,90,NONE
2026-06-28 19:19:58.209664,VIN-100467,2100,90,NONE
2026-06-28 19:19:58.209667,VIN-100468,2100,90,NONE
2026-06-28 19:19:58.209671,VIN-100469,2100,90,NONE
2026-06-28 19:19:58.209675,VIN-100470,2100,90,NONE
2026-06-28 19:19:58.209679,VIN-100471,2100,90,NONE
2026-06-28 19:19:58.209683,VIN-100472,2100,90,NONE
2026-06-28 19:19:58.209687,VIN-100473,2100,90,NONE
2026-06-28 19:19:58.209690,VIN-100474,2100,90,NONE
2026-06-28 19:19:58.209694,VIN-100475,2100,90,NONE
2026-06-28 19:19:58.209698,VIN-100476,2100,90,NONE
2026-06-28 19:19:58.209702,VIN-100477,2100,90,NONE
2026-06-28 19:19:58.209706,VIN-100478,2100,90,NONE
2026-06-28 19:19:58.209710,VIN-100479,2100,90,NONE
2026-06-28 19:19:58.209714,VIN-100480,2100,90,NONE
2026-06-28 19:19:58.209718,VIN-100481,2100,90,NONE
2026-06-28 19:19:58.209723,VIN-100482,2100,90,NONE
2026-06-28 19:19:58.209771,VIN-100483,2100,90,NONE
2026-06-28 19:19:58.209782,VIN-100484,2100,90,NONE
2026-06-28 19:19:58.209787,VIN-100485,2100,90,NONE
2026-06-28 19:19:58.209791,VIN-100486,2100,90,NONE
2026-06-28 19:19:58.209795,VIN-100487,2100,90,NONE
2026-06-28 19:19:58.209800,VIN-100488,2100,90,NONE
2026-06-28 19:19:58.209804,VIN-100489,2100,90,NONE
2026-06-28 19:19:58.209807,VIN-100490,2100,90,NONE
2026-06-28 19:19:58.209812,VIN-100491,2100,90,NONE
2026-06-28 19:19:58.209816,VIN-100492,2100,90,NONE
2026-06-28 19:19:58.209820,VIN-100493,2100,90,NONE
2026-06-28 19:19:58.209824,VIN-100494,2100,90,NONE
2026-06-28 19:19:58.209828,VIN-100495,2100,90,NONE
2026-06-28 19:19:58.209832,VIN-100496,2100,90,NONE
2026-06-28 19:19:58.209836,VIN-100497,2100,90,NONE
2026-06-28 19:19:58.209840,VIN-100498,2100,90,NONE
2026-06-28 19:19:58.209844,VIN-100499,2100,90,NONE
2026-06-28 19:19:58.209848,VIN-100500,2100,90,P0300
2026-06-28 19:19:58.209852,VIN-100501,2100,90,NONE
2026-06-28 19:19:58.209856,VIN-100502,2100,90,NONE
2026-06-28 19:19:58.209860,VIN-100503,2100,90,NONE
2026-06-28 19:19:58.209864,VIN-100504,2100,90,NONE
2026-06-28 19:19:58.209868,VIN-100505,2100,90,NONE
2026-06-28 19:19:58.209872,VIN-100506,2100,90,NONE
2026-06-28 19:19:58.209876,VIN-100507,2100,90,NONE
2026-06-28 19:19:58.209880,VIN-100508,2100,90,NONE
2026-06-28 19:19:58.209885,VIN-100509,2100,90,NONE
2026-06-28 19:19:58.209890,VIN-100510,2100,90,NONE
2026-06-28 19:19:58.209894,VIN-100511,2100,90,NONE
2026-06-28 19:19:58.209898,VIN-100512,2100,90,NONE
2026-06-28 19:19:58.209902,VIN-100513,2100,90,NONE
2026-06-28 19:19:58.209906,VIN-100514,2100,90,NONE
2026-06-28 19:19:58.209910,VIN-100515,2100,90,NONE
2026-06-28 19:19:58.209914,VIN-100516,2100,90,NONE
2026-06-28 19:19:58.209918,VIN-100517,2100,90,NONE
2026-06-28 19:19:58.209922,VIN-100518,2100,90,NONE
2026-06-28 19:19:58.209926,VIN-100519,2100,90,NONE
2026-06-28 19:19:58.209930,VIN-100520,2100,90,NONE
2026-06-28 19:19:58.209934,VIN-100521,2100,90,NONE
2026-06-28 19:19:58.209938,VIN-100522,2100,90,NONE
2026-06-28 19:19:58.209942,VIN-100523,2100,90,NONE
2026-06-28 19:19:58.209946,VIN-100524,2100,90,NONE
2026-06-28 19:19:58.209950,VIN-100525,2100,90,P0171
2026-06-28 19:19:58.209954,VIN-100526,2100,90,NONE
2026-06-28 19:19:58.209958,VIN-100527,2100,90,NONE
2026-06-28 19:19:58.209962,VIN-100528,2100,90,NONE
2026-06-28 19:19:58.209966,VIN-100529,2100,90,NONE
2026-06-28 19:19:58.209970,VIN-100530,2100,90,NONE
2026-06-28 19:19:58.209974,VIN-100531,2100,90,NONE
2026-06-28 19:19:58.209978,VIN-100532,2100,90,NONE
2026-06-28 19:19:58.209982,VIN-100533,2100,90,NONE
2026-06-28 19:19:58.209986,VIN-100534,2100,90,NONE
2026-06-28 19:19:58.209990,VIN-100535,2100,90,NONE
2026-06-28 19:19:58.209994,VIN-100536,2100,90,NONE
2026-06-28 19:19:58.209998,VIN-100537,2100,90,NONE
2026-06-28 19:19:58.210002,VIN-100538,2100,90,NONE
2026-06-28 19:19:58.210006,VIN-100539,2100,90,NONE
2026-06-28 19:19:58.210010,VIN-100540,2100,90,NONE
2026-06-28 19:19:58.210014,VIN-100541,2100,90,NONE
2026-06-28 19:19:58.210018,VIN-100542,2100,90,NONE
2026-06-28 19:19:58.210022,VIN-100543,2100,90,NONE
2026-06-28 19:19:58.210026,VIN-100544,2100,90,NONE
2026-06-28 19:19:58.210030,VIN-100545,2100,90,NONE
2026-06-28 19:19:58.210034,VIN-100546,2100,90,NONE
2026-06-28 19:19:58.210038,VIN-100547,2100,90,NONE
2026-06-28 19:19:58.210042,VIN-100548,2100,90,NONE
2026-06-28 19:19:58.210046,VIN-100549,2100,90,NONE
2026-06-28 19:19:58.210050,VIN-100550,2100,90,P0300
2026-06-28 19:19:58.210054,VIN-100551,2100,90,NONE
2026-06-28 19:19:58.210058,VIN-100552,2100,90,NONE
2026-06-28 19:19:58.210062,VIN-100553,2100,90,NONE
2026-06-28 19:19:58.210066,VIN-100554,2100,90,NONE
2026-06-28 19:19:58.210070,VIN-100555,2100,90,NONE
2026-06-28 19:19:58.210074,VIN-100556,2100,90,NONE
2026-06-28 19:19:58.210078,VIN-100557,2100,90,NONE
2026-06-28 19:19:58.210082,VIN-100558,2100,90,NONE
2026-06-28 19:19:58.210086,VIN-100559,2100,90,NONE
2026-06-28 19:19:58.210090,VIN-100560,2100,90,NONE
2026-06-28 19:19:58.210095,VIN-100561,2100,90,NONE
2026-06-28 19:19:58.210100,VIN-100562,2100,90,NONE
2026-06-28 19:19:58.210105,VIN-100563,2100,90,NONE
2026-06-28 19:19:58.210109,VIN-100564,2100,90,NONE
2026-06-28 19:19:58.210114,VIN-100565,2100,90,NONE
2026-06-28 19:19:58.210119,VIN-100566,2100,90,NONE
2026-06-28 19:19:58.210123,VIN-100567,2100,90,NONE
2026-06-28 19:19:58.210128,VIN-100568,2100,90,NONE
2026-06-28 19:19:58.210132,VIN-100569,2100,90,NONE
2026-06-28 19:19:58.210136,VIN-100570,2100,90,NONE
2026-06-28 19:19:58.210140,VIN-100571,2100,90,NONE
2026-06-28 19:19:58.210144,VIN-100572,2100,90,NONE
2026-06-28 19:19:58.210148,VIN-100573,2100,90,NONE
2026-06-28 19:19:58.210152,VIN-100574,2100,90,NONE
2026-06-28 19:19:58.210156,VIN-100575,2100,90,NONE
2026-06-28 19:19:58.210160,VIN-100576,2100,90,NONE
2026-06-28 19:19:58.210164,VIN-100577,2100,90,NONE
2026-06-28 19:19:58.210168,VIN-100578,2100,90,NONE
2026-06-28 19:19:58.210172,VIN-100579,2100,90,NONE
2026-06-28 19:19:58.210176,VIN-100580,2100,90,NONE
2026-06-28 19:19:58.210180,VIN-100581,2100,90,NONE
2026-06-28 19:19:58.210184,VIN-100582,2100,90,NONE
2026-06-28 19:19:58.210188,VIN-100583,2100,90,NONE
2026-06-28 19:19:58.210193,VIN-100584,2100,90,NONE
2026-06-28 19:19:58.210197,VIN-100585,2100,90,NONE
2026-06-28 19:19:58.210201,VIN-100586,2100,90,NONE
2026-06-28 19:19:58.210205,VIN-100587,2100,90,NONE
2026-06-28 19:19:58.210209,VIN-100588,2100,90,NONE
2026-06-28 19:19:58.210213,VIN-100589,2100,90,NONE
2026-06-28 19:19:58.210217,VIN-100590,2100,90,NONE
2026-06-28 19:19:58.210221,VIN-100591,2100,90,NONE
2026-06-28 19:19:58.210225,VIN-100592,2100,90,NONE
2026-06-28 19:19:58.210229,VIN-100593,2100,90,NONE
2026-06-28 19:19:58.210233,VIN-100594,2100,90,NONE
2026-06-28 19:19:58.210237,VIN-100595,2100,90,NONE
2026-06-28 19:19:58.210242,VIN-100596,2100,90,NONE
2026-06-28 19:19:58.210246,VIN-100597,2100,90,NONE
2026-06-28 19:19:58.210250,VIN-100598,2100,90,NONE
2026-06-28 19:19:58.210254,VIN-100599,2100,90,NONE
2026-06-28 19:19:58.210259,VIN-100600,2100,90,P0300
2026-06-28 19:19:58.210264,VIN-100601,2100,90,NONE
2026-06-28 19:19:58.210268,VIN-100602,2100,90,NONE
2026-06-28 19:19:58.210272,VIN-100603,2100,90,NONE
2026-06-28 19:19:58.210276,VIN-100604,2100,90,NONE
2026-06-28 19:19:58.210281,VIN-100605,2100,90,NONE
2026-06-28 19:19:58.210285,VIN-100606,2100,90,NONE
2026-06-28 19:19:58.210289,VIN-100607,2100,90,NONE
2026-06-28 19:19:58.210293,VIN-100608,2100,90,NONE
2026-06-28 19:19:58.210297,VIN-100609,2100,90,NONE
2026-06-28 19:19:58.210302,VIN-100610,2100,90,NONE
2026-06-28 19:19:58.210306,VIN-100611,2100,90,NONE
2026-06-28 19:19:58.210310,VIN-100612,2100,90,NONE
2026-06-28 19:19:58.210314,VIN-100613,2100,90,NONE
2026-06-28 19:19:58.210318,VIN-100614,2100,90,NONE
2026-06-28 19:19:58.210323,VIN-100615,2100,90,NONE
2026-06-28 19:19:58.210330,VIN-100616,2100,90,NONE
2026-06-28 19:19:58.210338,VIN-100617,2100,90,NONE
2026-06-28 19:19:58.210355,VIN-100618,2100,90,NONE
2026-06-28 19:19:58.210365,VIN-100619,2100,90,NONE
2026-06-28 19:19:58.210370,VIN-100620,2100,90,NONE
2026-06-28 19:19:58.210374,VIN-100621,2100,90,NONE
2026-06-28 19:19:58.210379,VIN-100622,2100,90,NONE
2026-06-28 19:19:58.210383,VIN-100623,2100,90,NONE
2026-06-28 19:19:58.210387,VIN-100624,2100,90,NONE
2026-06-28 19:19:58.210391,VIN-100625,2100,90,NONE
2026-06-28 19:19:58.210396,VIN-100626,2100,90,NONE
2026-06-28 19:19:58.210400,VIN-100627,2100,90,NONE
2026-06-28 19:19:58.210404,VIN-100628,2100,90,NONE
2026-06-28 19:19:58.210409,VIN-100629,2100,90,NONE
2026-06-28 19:19:58.210413,VIN-100630,2100,90,NONE
2026-06-28 19:19:58.210417,VIN-100631,2100,90,NONE
2026-06-28 19:19:58.210421,VIN-100632,2100,90,NONE
2026-06-28 19:19:58.210425,VIN-100633,2100,90,NONE
2026-06-28 19:19:58.210430,VIN-100634,2100,90,NONE
2026-06-28 19:19:58.210434,VIN-100635,2100,90,NONE
2026-06-28 19:19:58.210438,VIN-100636,2100,90,NONE
2026-06-28 19:19:58.210443,VIN-100637,2100,90,NONE
2026-06-28 19:19:58.210469,VIN-100638,2100,90,NONE
2026-06-28 19:19:58.210481,VIN-100639,2100,90,NONE
2026-06-28 19:19:58.210487,VIN-100640,2100,90,NONE
2026-06-28 19:19:58.210492,VIN-100641,2100,90,NONE
2026-06-28 19:19:58.210497,VIN-100642,2100,90,NONE
2026-06-28 19:19:58.210502,VIN-100643,2100,90,NONE
2026-06-28 19:19:58.210507,VIN-100644,2100,90,NONE
2026-06-28 19:19:58.210512,VIN-100645,2100,90,NONE
2026-06-28 19:19:58.210518,VIN-100646,2100,90,NONE
2026-06-28 19:19:58.210522,VIN-100647,2100,90,NONE
2026-06-28 19:19:58.210526,VIN-100648,2100,90,NONE
2026-06-28 19:19:58.210531,VIN-100649,2100,90,NONE
2026-06-28 19:19:58.210535,VIN-100650,2100,90,P0300
2026-06-28 19:19:58.210540,VIN-100651,2100,90,NONE
2026-06-28 19:19:58.210544,VIN-100652,2100,90,NONE
2026-06-28 19:19:58.210548,VIN-100653,2100,90,NONE
2026-06-28 19:19:58.210552,VIN-100654,2100,90,NONE
2026-06-28 19:19:58.210558,VIN-100655,2100,90,NONE
2026-06-28 19:19:58.210562,VIN-100656,2100,90,NONE
2026-06-28 19:19:58.210566,VIN-100657,2100,90,NONE
2026-06-28 19:19:58.210571,VIN-100658,2100,90,NONE
2026-06-28 19:19:58.210575,VIN-100659,2100,90,NONE
2026-06-28 19:19:58.210579,VIN-100660,2100,90,NONE
2026-06-28 19:19:58.210584,VIN-100661,2100,90,NONE
2026-06-28 19:19:58.210589,VIN-100662,2100,90,NONE
2026-06-28 19:19:58.210593,VIN-100663,2100,90,NONE
2026-06-28 19:19:58.210598,VIN-100664,2100,90,NONE
2026-06-28 19:19:58.210602,VIN-100665,2100,90,NONE
2026-06-28 19:19:58.210607,VIN-100666,2100,90,NONE
2026-06-28 19:19:58.210611,VIN-100667,2100,90,NONE
2026-06-28 19:19:58.210615,VIN-100668,2100,90,NONE
2026-06-28 19:19:58.210620,VIN-100669,2100,90,NONE
2026-06-28 19:19:58.210624,VIN-100670,2100,90,NONE
2026-06-28 19:19:58.210628,VIN-100671,2100,90,NONE
2026-06-28 19:19:58.210633,VIN-100672,2100,90,NONE
2026-06-28 19:19:58.210637,VIN-100673,2100,90,NONE
2026-06-28 19:19:58.210641,VIN-100674,2100,90,NONE
2026-06-28 19:19:58.210646,VIN-100675,2100,90,P0171
2026-06-28 19:19:58.210650,VIN-100676,2100,90,NONE
2026-06-28 19:19:58.210654,VIN-100677,2100,90,NONE
2026-06-28 19:19:58.210659,VIN-100678,2100,90,NONE
2026-06-28 19:19:58.210663,VIN-100679,2100,90,NONE
2026-06-28 19:19:58.210668,VIN-100680,2100,90,NONE
2026-06-28 19:19:58.210673,VIN-100681,2100,90,NONE
2026-06-28 19:19:58.210677,VIN-100682,2100,90,NONE
2026-06-28 19:19:58.210681,VIN-100683,2100,90,NONE
2026-06-28 19:19:58.210686,VIN-100684,2100,90,NONE
2026-06-28 19:19:58.210690,VIN-100685,2100,90,NONE
2026-06-28 19:19:58.210783,VIN-100686,2100,90,NONE
2026-06-28 19:19:58.210885,VIN-100687,2100,90,NONE
2026-06-28 19:19:58.210892,VIN-100688,2100,90,NONE
2026-06-28 19:19:58.210897,VIN-100689,2100,90,NONE
2026-06-28 19:19:58.210901,VIN-100690,2100,90,NONE
2026-06-28 19:19:58.210906,VIN-100691,2100,90,NONE
2026-06-28 19:19:58.210910,VIN-100692,2100,90,NONE
2026-06-28 19:19:58.210915,VIN-100693,2100,90,NONE
2026-06-28 19:19:58.210941,VIN-100694,2100,90,NONE
2026-06-28 19:19:58.210962,VIN-100695,2100,90,NONE
2026-06-28 19:19:58.210982,VIN-100696,2100,90,NONE
2026-06-28 19:19:58.210998,VIN-100697,2100,90,NONE
2026-06-28 19:19:58.211011,VIN-100698,2100,90,NONE
2026-06-28 19:19:58.211021,VIN-100699,2100,90,NONE
2026-06-28 19:19:58.211033,VIN-100700,2100,90,P0300
2026-06-28 19:19:58.211046,VIN-100701,2100,90,NONE
2026-06-28 19:19:58.211052,VIN-100702,2100,90,NONE
2026-06-28 19:19:58.211057,VIN-100703,2100,90,NONE
2026-06-28 19:19:58.211061,VIN-100704,2100,90,NONE
2026-06-28 19:19:58.211066,VIN-100705,2100,90,NONE
2026-06-28 19:19:58.211070,VIN-100706,2100,90,NONE
2026-06-28 19:19:58.211075,VIN-100707,2100,90,NONE
2026-06-28 19:19:58.211079,VIN-100708,2100,90,NONE
2026-06-28 19:19:58.211084,VIN-100709,2100,90,NONE
2026-06-28 19:19:58.211088,VIN-100710,2100,90,NONE
2026-06-28 19:19:58.211093,VIN-100711,2100,90,NONE
2026-06-28 19:19:58.211098,VIN-100712,2100,90,NONE
2026-06-28 19:19:58.211103,VIN-100713,2100,90,NONE
2026-06-28 19:19:58.211107,VIN-100714,2100,90,NONE
2026-06-28 19:19:58.211112,VIN-100715,2100,90,NONE
2026-06-28 19:19:58.211116,VIN-100716,2100,90,NONE
2026-06-28 19:19:58.211121,VIN-100717,2100,90,NONE
2026-06-28 19:19:58.211125,VIN-100718,2100,90,NONE
2026-06-28 19:19:58.211130,VIN-100719,2100,90,NONE
2026-06-28 19:19:58.211135,VIN-100720,2100,90,NONE
2026-06-28 19:19:58.211140,VIN-100721,2100,90,NONE
2026-06-28 19:19:58.211145,VIN-100722,2100,90,NONE
2026-06-28 19:19:58.211149,VIN-100723,2100,90,NONE
2026-06-28 19:19:58.211155,VIN-100724,2100,90,NONE
2026-06-28 19:19:58.211160,VIN-100725,2100,90,NONE
2026-06-28 19:19:58.211169,VIN-100726,2100,90,NONE
2026-06-28 19:19:58.211179,VIN-100727,2100,90,NONE
2026-06-28 19:19:58.211192,VIN-100728,2100,90,NONE
2026-06-28 19:19:58.211210,VIN-100729,2100,90,NONE
2026-06-28 19:19:58.211229,VIN-100730,2100,90,NONE
2026-06-28 19:19:58.211243,VIN-100731,2100,90,NONE
2026-06-28 19:19:58.211253,VIN-100732,2100,90,NONE
2026-06-28 19:19:58.211265,VIN-100733,2100,90,NONE
2026-06-28 19:19:58.211279,VIN-100734,2100,90,NONE
2026-06-28 19:19:58.211285,VIN-100735,2100,90,NONE
2026-06-28 19:19:58.211290,VIN-100736,2100,90,NONE
2026-06-28 19:19:58.211295,VIN-100737,2100,90,NONE
2026-06-28 19:19:58.211299,VIN-100738,2100,90,NONE
2026-06-28 19:19:58.211304,VIN-100739,2100,90,NONE
2026-06-28 19:19:58.211308,VIN-100740,2100,90,NONE
2026-06-28 19:19:58.211313,VIN-100741,2100,90,NONE
2026-06-28 19:19:58.211317,VIN-100742,2100,90,NONE
2026-06-28 19:19:58.211322,VIN-100743,2100,90,NONE
2026-06-28 19:19:58.211326,VIN-100744,2100,90,NONE
2026-06-28 19:19:58.211331,VIN-100745,2100,90,NONE
2026-06-28 19:19:58.211335,VIN-100746,2100,90,NONE
2026-06-28 19:19:58.211340,VIN-100747,2100,90,NONE
2026-06-28 19:19:58.211345,VIN-100748,2100,90,NONE
2026-06-28 19:19:58.211349,VIN-100749,2100,90,NONE
2026-06-28 19:19:58.211354,VIN-100750,2100,90,P0300
2026-06-28 19:19:58.211359,VIN-100751,2100,90,NONE
2026-06-28 19:19:58.211364,VIN-100752,2100,90,NONE
2026-06-28 19:19:58.211368,VIN-100753,2100,90,NONE
2026-06-28 19:19:58.211373,VIN-100754,2100,90,NONE
2026-06-28 19:19:58.211378,VIN-100755,2100,90,NONE
2026-06-28 19:19:58.211382,VIN-100756,2100,90,NONE
2026-06-28 19:19:58.211387,VIN-100757,2100,90,NONE
2026-06-28 19:19:58.211391,VIN-100758,2100,90,NONE
2026-06-28 19:19:58.211396,VIN-100759,2100,90,NONE
2026-06-28 19:19:58.211400,VIN-100760,2100,90,NONE
2026-06-28 19:19:58.211405,VIN-100761,2100,90,NONE
2026-06-28 19:19:58.211411,VIN-100762,2100,90,NONE
2026-06-28 19:19:58.211415,VIN-100763,2100,90,NONE
2026-06-28 19:19:58.211420,VIN-100764,2100,90,NONE
2026-06-28 19:19:58.211425,VIN-100765,2100,90,NONE
2026-06-28 19:19:58.211429,VIN-100766,2100,90,NONE
2026-06-28 19:19:58.211434,VIN-100767,2100,90,NONE
2026-06-28 19:19:58.211439,VIN-100768,2100,90,NONE
2026-06-28 19:19:58.211443,VIN-100769,2100,90,NONE
2026-06-28 19:19:58.211448,VIN-100770,2100,90,NONE
2026-06-28 19:19:58.211453,VIN-100771,2100,90,NONE
2026-06-28 19:19:58.211457,VIN-100772,2100,90,NONE
2026-06-28 19:19:58.211462,VIN-100773,2100,90,NONE
2026-06-28 19:19:58.211467,VIN-100774,2100,90,NONE
2026-06-28 19:19:58.211471,VIN-100775,2100,90,NONE
2026-06-28 19:19:58.211476,VIN-100776,2100,90,NONE
2026-06-28 19:19:58.211482,VIN-100777,2100,90,NONE
2026-06-28 19:19:58.211486,VIN-100778,2100,90,NONE
2026-06-28 19:19:58.211491,VIN-100779,2100,90,NONE
2026-06-28 19:19:58.211496,VIN-100780,2100,90,NONE
2026-06-28 19:19:58.211505,VIN-100781,2100,90,NONE
2026-06-28 19:19:58.211514,VIN-100782,2100,90,NONE
2026-06-28 19:19:58.211528,VIN-100783,2100,90,NONE
2026-06-28 19:19:58.211546,VIN-100784,2100,90,NONE
2026-06-28 19:19:58.211564,VIN-100785,2100,90,NONE
2026-06-28 19:19:58.211582,VIN-100786,2100,90,NONE
2026-06-28 19:19:58.211594,VIN-100787,2100,90,NONE
2026-06-28 19:19:58.211600,VIN-100788,2100,90,NONE
2026-06-28 19:19:58.211606,VIN-100789,2100,90,NONE
2026-06-28 19:19:58.211611,VIN-100790,2100,90,NONE
2026-06-28 19:19:58.211616,VIN-100791,2100,90,NONE
2026-06-28 19:19:58.211621,VIN-100792,2100,90,NONE
2026-06-28 19:19:58.211626,VIN-100793,2100,90,NONE
2026-06-28 19:19:58.211631,VIN-100794,2100,90,NONE
2026-06-28 19:19:58.211637,VIN-100795,2100,90,NONE
2026-06-28 19:19:58.211642,VIN-100796,2100,90,NONE
2026-06-28 19:19:58.211646,VIN-100797,2100,90,NONE
2026-06-28 19:19:58.211652,VIN-100798,2100,90,NONE
2026-06-28 19:19:58.211706,VIN-100799,2100,90,NONE
2026-06-28 19:19:58.211717,VIN-100800,2100,90,P0300
2026-06-28 19:19:58.211723,VIN-100801,2100,90,NONE
2026-06-28 19:19:58.211728,VIN-100802,2100,90,NONE
2026-06-28 19:19:58.211733,VIN-100803,2100,90,NONE
2026-06-28 19:19:58.211739,VIN-100804,2100,90,NONE
2026-06-28 19:19:58.211748,VIN-100805,2100,90,NONE
2026-06-28 19:19:58.211770,VIN-100806,2100,90,NONE
2026-06-28 19:19:58.211777,VIN-100807,2100,90,NONE
2026-06-28 19:19:58.211782,VIN-100808,2100,90,NONE
2026-06-28 19:19:58.211788,VIN-100809,2100,90,NONE
2026-06-28 19:19:58.211793,VIN-100810,2100,90,NONE
2026-06-28 19:19:58.211798,VIN-100811,2100,90,NONE
2026-06-28 19:19:58.211803,VIN-100812,2100,90,NONE
2026-06-28 19:19:58.211808,VIN-100813,2100,90,NONE
2026-06-28 19:19:58.211814,VIN-100814,2100,90,NONE
2026-06-28 19:19:58.211819,VIN-100815,2100,90,NONE
2026-06-28 19:19:58.211824,VIN-100816,2100,90,NONE
2026-06-28 19:19:58.211829,VIN-100817,2100,90,NONE
2026-06-28 19:19:58.211834,VIN-100818,2100,90,NONE
2026-06-28 19:19:58.211839,VIN-100819,2100,90,NONE
2026-06-28 19:19:58.211844,VIN-100820,2100,90,NONE
2026-06-28 19:19:58.211849,VIN-100821,2100,90,NONE
2026-06-28 19:19:58.211854,VIN-100822,2100,90,NONE
2026-06-28 19:19:58.211859,VIN-100823,2100,90,NONE
2026-06-28 19:19:58.211863,VIN-100824,2100,90,NONE
2026-06-28 19:19:58.211868,VIN-100825,2100,90,P0171
2026-06-28 19:19:58.211873,VIN-100826,2100,90,NONE
2026-06-28 19:19:58.211878,VIN-100827,2100,90,NONE
2026-06-28 19:19:58.211883,VIN-100828,2100,90,NONE
2026-06-28 19:19:58.211888,VIN-100829,2100,90,NONE
2026-06-28 19:19:58.211893,VIN-100830,2100,90,NONE
2026-06-28 19:19:58.211897,VIN-100831,2100,90,NONE
2026-06-28 19:19:58.211902,VIN-100832,2100,90,NONE
2026-06-28 19:19:58.211907,VIN-100833,2100,90,NONE
2026-06-28 19:19:58.211912,VIN-100834,2100,90,NONE
2026-06-28 19:19:58.211916,VIN-100835,2100,90,NONE
2026-06-28 19:19:58.211921,VIN-100836,2100,90,NONE
2026-06-28 19:19:58.211926,VIN-100837,2100,90,NONE
2026-06-28 19:19:58.211931,VIN-100838,2100,90,NONE
2026-06-28 19:19:58.211936,VIN-100839,2100,90,NONE
2026-06-28 19:19:58.211941,VIN-100840,2100,90,NONE
2026-06-28 19:19:58.211946,VIN-100841,2100,90,NONE
2026-06-28 19:19:58.211951,VIN-100842,2100,90,NONE
2026-06-28 19:19:58.211956,VIN-100843,2100,90,NONE
2026-06-28 19:19:58.211961,VIN-100844,2100,90,NONE
2026-06-28 19:19:58.211966,VIN-100845,2100,90,NONE
2026-06-28 19:19:58.211971,VIN-100846,2100,90,NONE
2026-06-28 19:19:58.211975,VIN-100847,2100,90,NONE
2026-06-28 19:19:58.211981,VIN-100848,2100,90,NONE
2026-06-28 19:19:58.211985,VIN-100849,2100,90,NONE
2026-06-28 19:19:58.211990,VIN-100850,2100,90,P0300
2026-06-28 19:19:58.211995,VIN-100851,2100,90,NONE
2026-06-28 19:19:58.212000,VIN-100852,2100,90,NONE
2026-06-28 19:19:58.212005,VIN-100853,2100,90,NONE
2026-06-28 19:19:58.212010,VIN-100854,2100,90,NONE
2026-06-28 19:19:58.212016,VIN-100855,2100,90,NONE
2026-06-28 19:19:58.212025,VIN-100856,2100,90,NONE
2026-06-28 19:19:58.212035,VIN-100857,2100,90,NONE
2026-06-28 19:19:58.212045,VIN-100858,2100,90,NONE
2026-06-28 19:19:58.212064,VIN-100859,2100,90,NONE
2026-06-28 19:19:58.212083,VIN-100860,2100,90,NONE
2026-06-28 19:19:58.212122,VIN-100861,2100,90,NONE
2026-06-28 19:19:58.212135,VIN-100862,2100,90,NONE
2026-06-28 19:19:58.212141,VIN-100863,2100,90,NONE
2026-06-28 19:19:58.212147,VIN-100864,2100,90,NONE
2026-06-28 19:19:58.212152,VIN-100865,2100,90,NONE
2026-06-28 19:19:58.212158,VIN-100866,2100,90,NONE
2026-06-28 19:19:58.212163,VIN-100867,2100,90,NONE
2026-06-28 19:19:58.212168,VIN-100868,2100,90,NONE
2026-06-28 19:19:58.212173,VIN-100869,2100,90,NONE
2026-06-28 19:19:58.212178,VIN-100870,2100,90,NONE
2026-06-28 19:19:58.212184,VIN-100871,2100,90,NONE
2026-06-28 19:19:58.212193,VIN-100872,2100,90,NONE
2026-06-28 19:19:58.212207,VIN-100873,2100,90,NONE
2026-06-28 19:19:58.212225,VIN-100874,2100,90,NONE
2026-06-28 19:19:58.212244,VIN-100875,2100,90,NONE
2026-06-28 19:19:58.212260,VIN-100876,2100,90,NONE
2026-06-28 19:19:58.212278,VIN-100877,2100,90,NONE
2026-06-28 19:19:58.212288,VIN-100878,2100,90,NONE
2026-06-28 19:19:58.212294,VIN-100879,2100,90,NONE
2026-06-28 19:19:58.212299,VIN-100880,2100,90,NONE
2026-06-28 19:19:58.212304,VIN-100881,2100,90,NONE
2026-06-28 19:19:58.212311,VIN-100882,2100,90,NONE
2026-06-28 19:19:58.212318,VIN-100883,2100,90,NONE
2026-06-28 19:19:58.212323,VIN-100884,2100,90,NONE
2026-06-28 19:19:58.212329,VIN-100885,2100,90,NONE
2026-06-28 19:19:58.212335,VIN-100886,2100,90,NONE
2026-06-28 19:19:58.212341,VIN-100887,2100,90,NONE
2026-06-28 19:19:58.212346,VIN-100888,2100,90,NONE
2026-06-28 19:19:58.212353,VIN-100889,2100,90,NONE
2026-06-28 19:19:58.212358,VIN-100890,2100,90,NONE
2026-06-28 19:19:58.212363,VIN-100891,2100,90,NONE
2026-06-28 19:19:58.212369,VIN-100892,2100,90,NONE
2026-06-28 19:19:58.212375,VIN-100893,2100,90,NONE
2026-06-28 19:19:58.212385,VIN-100894,2100,90,NONE
2026-06-28 19:19:58.212394,VIN-100895,2100,90,NONE
2026-06-28 19:19:58.212403,VIN-100896,2100,90,NONE
2026-06-28 19:19:58.212413,VIN-100897,2100,90,NONE
2026-06-28 19:19:58.212422,VIN-100898,2100,90,NONE
2026-06-28 19:19:58.212433,VIN-100899,2100,90,NONE
2026-06-28 19:19:58.212443,VIN-100900,2100,90,P0300
2026-06-28 19:19:58.212453,VIN-100901,2100,90,NONE
2026-06-28 19:19:58.212462,VIN-100902,2100,90,NONE
2026-06-28 19:19:58.212467,VIN-100903,2100,90,NONE
2026-06-28 19:19:58.212473,VIN-100904,2100,90,NONE
2026-06-28 19:19:58.212478,VIN-100905,2100,90,NONE
2026-06-28 19:19:58.212484,VIN-100906,2100,90,NONE
2026-06-28 19:19:58.212489,VIN-100907,2100,90,NONE
2026-06-28 19:19:58.212495,VIN-100908,2100,90,NONE
2026-06-28 19:19:58.212500,VIN-100909,2100,90,NONE
2026-06-28 19:19:58.212506,VIN-100910,2100,90,NONE
2026-06-28 19:19:58.212511,VIN-100911,2100,90,NONE
2026-06-28 19:19:58.212516,VIN-100912,2100,90,NONE
2026-06-28 19:19:58.212521,VIN-100913,2100,90,NONE
2026-06-28 19:19:58.212526,VIN-100914,2100,90,NONE
2026-06-28 19:19:58.212531,VIN-100915,2100,90,NONE
2026-06-28 19:19:58.212537,VIN-100916,2100,90,NONE
2026-06-28 19:19:58.212542,VIN-100917,2100,90,NONE
2026-06-28 19:19:58.212547,VIN-100918,2100,90,NONE
2026-06-28 19:19:58.212552,VIN-100919,2100,90,NONE
2026-06-28 19:19:58.212558,VIN-100920,2100,90,NONE
2026-06-28 19:19:58.212563,VIN-100921,2100,90,NONE
2026-06-28 19:19:58.212568,VIN-100922,2100,90,NONE
2026-06-28 19:19:58.212574,VIN-100923,2100,90,NONE
2026-06-28 19:19:58.212579,VIN-100924,2100,90,NONE
2026-06-28 19:19:58.212584,VIN-100925,2100,90,NONE
2026-06-28 19:19:58.212600,VIN-100926,2100,90,NONE
2026-06-28 19:19:58.212621,VIN-100927,2100,90,NONE
2026-06-28 19:19:58.212630,VIN-100928,2100,90,NONE
2026-06-28 19:19:58.212636,VIN-100929,2100,90,NONE
2026-06-28 19:19:58.212641,VIN-100930,2100,90,NONE
2026-06-28 19:19:58.212646,VIN-100931,2100,90,NONE
2026-06-28 19:19:58.212652,VIN-100932,2100,90,NONE
2026-06-28 19:19:58.212657,VIN-100933,2100,90,NONE
2026-06-28 19:19:58.212662,VIN-100934,2100,90,NONE
2026-06-28 19:19:58.212668,VIN-100935,2100,90,NONE
2026-06-28 19:19:58.212673,VIN-100936,2100,90,NONE
2026-06-28 19:19:58.212678,VIN-100937,2100,90,NONE
2026-06-28 19:19:58.212684,VIN-100938,2100,90,NONE
2026-06-28 19:19:58.212690,VIN-100939,2100,90,NONE
2026-06-28 19:19:58.212697,VIN-100940,2100,90,NONE
2026-06-28 19:19:58.212702,VIN-100941,2100,90,NONE
2026-06-28 19:19:58.212709,VIN-100942,2100,90,NONE
2026-06-28 19:19:58.212714,VIN-100943,2100,90,NONE
2026-06-28 19:19:58.212720,VIN-100944,2100,90,NONE
2026-06-28 19:19:58.212725,VIN-100945,2100,90,NONE
2026-06-28 19:19:58.212730,VIN-100946,2100,90,NONE
2026-06-28 19:19:58.212737,VIN-100947,2100,90,NONE
2026-06-28 19:19:58.212792,VIN-100948,2100,90,NONE
2026-06-28 19:19:58.212801,VIN-100949,2100,90,NONE
2026-06-28 19:19:58.212809,VIN-100950,2100,90,P0300
2026-06-28 19:19:58.212814,VIN-100951,2100,90,NONE
2026-06-28 19:19:58.212819,VIN-100952,2100,90,NONE
2026-06-28 19:19:58.212825,VIN-100953,2100,90,NONE
2026-06-28 19:19:58.212831,VIN-100954,2100,90,NONE
2026-06-28 19:19:58.212837,VIN-100955,2100,90,NONE
2026-06-28 19:19:58.212843,VIN-100956,2100,90,NONE
2026-06-28 19:19:58.212849,VIN-100957,2100,90,NONE
2026-06-28 19:19:58.212855,VIN-100958,2100,90,NONE
2026-06-28 19:19:58.212861,VIN-100959,2100,90,NONE
2026-06-28 19:19:58.212866,VIN-100960,2100,90,NONE
2026-06-28 19:19:58.212872,VIN-100961,2100,90,NONE
2026-06-28 19:19:58.212879,VIN-100962,2100,90,NONE
2026-06-28 19:19:58.212885,VIN-100963,2100,90,NONE
2026-06-28 19:19:58.212891,VIN-100964,2100,90,NONE
2026-06-28 19:19:58.212897,VIN-100965,2100,90,NONE
2026-06-28 19:19:58.212904,VIN-100966,2100,90,NONE
2026-06-28 19:19:58.212911,VIN-100967,2100,90,NONE
2026-06-28 19:19:58.212918,VIN-100968,2100,90,NONE
2026-06-28 19:19:58.212923,VIN-100969,2100,90,NONE
2026-06-28 19:19:58.212930,VIN-100970,2100,90,NONE
2026-06-28 19:19:58.212936,VIN-100971,2100,90,NONE
2026-06-28 19:19:58.212943,VIN-100972,2100,90,NONE
2026-06-28 19:19:58.212948,VIN-100973,2100,90,NONE
2026-06-28 19:19:58.212955,VIN-100974,2100,90,NONE
2026-06-28 19:19:58.212960,VIN-100975,2100,90,P0171
2026-06-28 19:19:58.212967,VIN-100976,2100,90,NONE
2026-06-28 19:19:58.212972,VIN-100977,2100,90,NONE
2026-06-28 19:19:58.212979,VIN-100978,2100,90,NONE
2026-06-28 19:19:58.212985,VIN-100979,2100,90,NONE
2026-06-28 19:19:58.212992,VIN-100980,2100,90,NONE
2026-06-28 19:19:58.212997,VIN-100981,2100,90,NONE
2026-06-28 19:19:58.213004,VIN-100982,2100,90,NONE
2026-06-28 19:19:58.213009,VIN-100983,2100,90,NONE
2026-06-28 19:19:58.213016,VIN-100984,2100,90,NONE
2026-06-28 19:19:58.213022,VIN-100985,2100,90,NONE
2026-06-28 19:19:58.213027,VIN-100986,2100,90,NONE
2026-06-28 19:19:58.213033,VIN-100987,2100,90,NONE
2026-06-28 19:19:58.213038,VIN-100988,2100,90,NONE
2026-06-28 19:19:58.213044,VIN-100989,2100,90,NONE
2026-06-28 19:19:58.213049,VIN-100990,2100,90,NONE
2026-06-28 19:19:58.213055,VIN-100991,2100,90,NONE
2026-06-28 19:19:58.213060,VIN-100992,2100,90,NONE
2026-06-28 19:19:58.213066,VIN-100993,2100,90,NONE
2026-06-28 19:19:58.213071,VIN-100994,2100,90,NONE
2026-06-28 19:19:58.213077,VIN-100995,2100,90,NONE
2026-06-28 19:19:58.213082,VIN-100996,2100,90,NONE
2026-06-28 19:19:58.213088,VIN-100997,2100,90,NONE
2026-06-28 19:19:58.213093,VIN-100998,2100,90,NONE
2026-06-28 19:19:58.213099,VIN-100999,2100,90,NONE
2026-06-28 19:19:58.213104,VIN-101000,2100,90,P0300
